Tf,100.0,104.21052631578948,108.42105263157895,112.63157894736842,116.84210526315789,121.05263157894737,125.26315789473685,129.4736842105263,133.68421052631578,137.89473684210526,142.10526315789474,146.31578947368422,150.5263157894737,154.73684210526315,158.94736842105263,163.1578947368421,167.36842105263156,171.57894736842104,175.78947368421052,180.0
300.0,1.0408148581486605,1.0841947681397084,1.1276206973319947,1.1710616938510061,1.2145113549805924,1.2580273036051615,1.3016830417034675,1.3454571161928244,1.389353121491617,1.4334275563137695,1.4777536377571103,1.5221868597007506,1.5667154791494837,1.61152826577068,1.6564675575591732,1.7013058934278926,1.746090456307422,1.791052531510929,1.8362193550575607,1.8817023030973608
305.12820512820514,1.0416818607391047,1.0851629560665912,1.1286633152387744,1.1722034177946479,1.215824763848194,1.2595797268311766,1.3034503346843205,1.3473840858835906,1.3914381712871322,1.435637128276348,1.4799442697777694,1.5243613402636915,1.5691338333563292,1.6139968574617407,1.6588377685613829,1.7036276480071555,1.748510715022896,1.7934909786439481,1.8386730945561667,1.884048684617799
310.2564102564103,1.042838668436384,1.0862882216875356,1.1298085443950505,1.1734346793773882,1.2171928803680985,1.2610887334520788,1.3051040639023088,1.3492855644064874,1.3934673593310993,1.4376520165771356,1.481948481969224,1.5266879962711402,1.5715021803041032,1.6163367065595728,1.6612038762043677,1.7061294397621944,1.7510925354427038,1.7961798224942631,1.841310025601783,1.8866349838587257
315.38461538461536,1.0440428509964081,1.0874920413658935,1.1310590681423904,1.1747529753683084,1.2185816243993752,1.2625618037275586,1.3068414041537688,1.3511393636531617,1.395344576706249,1.4396025621456776,1.484196499700556,1.5289285069741256,1.5737465220438442,1.6186688241313403,1.6636755896532123,1.708718844723993,1.753844185916537,1.7989000429603654,1.8441296823849154,1.8896403748025283
320.5128205128205,1.0452750920084415,1.0887839198669658,1.13239466269709,1.1761229036970626,1.2200192460299546,1.2642177560077117,1.3085515600632662,1.3528868511155692,1.397260000265319,1.4417596075388812,1.4863518718434447,1.5310850296678338,1.576015591581126,1.621064342107199,1.6662023092210791,1.7114119738543412,1.7565138872073869,1.8017812536186357,1.8472683326537314,1.8928273998138159
325.64102564102564,1.0465593914211782,1.090132947209201,1.1337822734138845,1.177598732220037,1.221648265240885,1.2658608933463726,1.3102082540156414,1.3547727316087683,1.3993342049402664,1.443860368446893,1.488468057833063,1.5333247901430551,1.578338735035087,1.6235106714555303,1.6687627647132892,1.7139822909852356,1.7593552444222973,1.8049187598702605,1.8503967387933007,1.8959017356557113
330.7692307692308,1.0478632807610662,1.0915141352505475,1.135303805561963,1.1792370142203603,1.2232891465637972,1.2674933138577908,1.3121039073635417,1.3567742206748243,1.4013750649281607,1.445972060900502,1.4907244291235906,1.5356297211228718,1.5807344760134414,1.6259491530181036,1.6712552918005292,1.716744459477972,1.7624242328582085,1.8078959964615697,1.8534765234227037,1.8992838593476207
335.8974358974359,1.0491776756067739,1.0930407209168724,1.1369391261958677,1.1808909529490874,1.2249760288316751,1.2694495673743993,1.3140778880741262,1.358764596071596,1.4034635502795039,1.4482202919441711,1.4930527895416068,1.538040058549716,1.583103634566467,1.6283951062459343,1.6739504874193825,1.7197217414520851,1.7652212321355534,1.8109195457949157,1.8568231599180631,1.9028267922556383
341.02564102564105,1.0506529472357105,1.0946272346277508,1.1385758672694275,1.1826423680634657,1.2269682782567641,1.2714379304977426,1.3160621031860482,1.3608361068067778,1.4056743406841172,1.4505532461515447,1.4955086186119289,1.5404104283611715,1.5855674101140773,1.6310749308708823,1.6767821051799066,1.7223763730790727,1.7681864503488274,1.8142042495176158,1.8602386007290583,1.9062974946178977
346.1538461538462,1.0521518469518865,1.096199574468193,1.1403437206161309,1.1846163084423602,1.2289650203728173,1.2734433356643204,1.3181560748308123,1.3630136777260415,1.4079724707372911,1.4529839631634585,1.497897634352538,1.5429542481499268,1.5883046942965326,1.6338353552471028,1.6794501875528878,1.725329607118226,1.771438214500053,1.817503550741768,1.8636619619938528,1.9099712121431016
351.28205128205127,1.0536445998339705,1.0979377285699987,1.1422460065088957,1.1865705375616422,1.2309700673881872,1.2755699049599232,1.320334714777865,1.3652767382515643,1.4103209930825658,1.4553754868195663,1.5005146832897405,1.5457967556712127,1.5910740637058076,1.6366006221577025,1.6824724450359665,1.7286204457751462,1.7746834860036333,1.820921080350051,1.8673089225070778,1.913839469849235
356.4102564102564,1.0553705425766895,1.0997514012557135,1.1441166652066717,1.1885342636005038,1.2330839528014403,1.2777554043996664,1.322596453534737,1.3675437911804416,1.4126662992739223,1.457982652268308,1.5034061706719641,1.548572246665243,1.5939671513916058,1.6397438790683785,1.6857998184230154,1.7318713578052265,1.7781474866681475,1.8245872088274024,1.8711899161693675,1.9179222850640303
361.53846153846155,1.057149435608104,1.101558825017575,1.1460301335590202,1.1905962510234946,1.2352529879301628,1.280032658039936,1.324832583255004,1.3698558615993086,1.4152093521810574,1.460770400317188,1.5060807601446933,1.5515041278917483,1.5971788724451303,1.643078758747013,1.6891055165726763,1.7353726937896554,1.7818294852510805,1.8284839094051564,1.8752619223897042,1.922098831406572
366.6666666666667,1.0589404427281988,1.1034434740996328,1.1480384641509989,1.1927251556943692,1.2375154984545864,1.2822581789268803,1.3271717006944297,1.3723797577647487,1.4178471743734806,1.4633363571716518,1.5089597828452759,1.5546959697834504,1.600467513794367,1.6464146927417687,1.692620308716318,1.7390460860585941,1.7857159376029048,1.83251969605867,1.879404884517686,1.926425368690458
371.7948717948718,1.0608227865350548,1.1054138355820955,1.1501253228832256,1.1949203564860977,1.2397141436319536,1.2846365123914738,1.329739655548247,1.3749448778155424,1.420388037512756,1.4661504569157946,1.5120736826183547,1.5578696952167501,1.6037871139916535,1.6499194429226216,1.6962747988416742,1.7428931473255649,1.7896782592319684,1.8365823211077639,1.8837492845470913,1.9312124894874085
376.9230769230769,1.0627558606143306,1.1074618188422058,1.152250745214303,1.1971035849023035,1.2421029970954445,1.2872488929596715,1.3322922720553896,1.377550837489489,1.4232220647291196,1.4692064754201384,1.5151149568375817,1.5611231246066328,1.607251273320429,1.6535487535553017,1.7000586405275318,1.7467557890527787,1.7936180703046516,1.8408802809619063,1.8884017342913408,1.936024580952725
382.05128205128204,1.0647431625199777,1.1095046148679346,1.1543976904340882,1.199465567111382,1.2447046579570236,1.2897455862318632,1.3349583367232871,1.3804581908504725,1.426265218611736,1.4721930314179326,1.5183006191045136,1.5645140782544416,1.6108462938779367,1.6572845142870656,1.7038487991011413,1.7505921147290284,1.7978708745773502,1.845381865726474,1.8930639156788036,1.9409820448930855
387.1794871794872,1.0666856585547315,1.1115938120040665,1.1567032051516568,1.2019382272366719,1.2470762266122364,1.2923749954296662,1.3378576938068467,1.3834738207860386,1.4292775542603027,1.4753487384660333,1.5216087246878858,1.5680366017421772,1.614527339941559,1.6610376558541633,1.7076788436505286,1.7548645593860661,1.8022888963007504,1.849948945232312,1.8980018138022432,1.9465741647610475
392.3076923076923,1.0687162765572749,1.1138394448078552,1.159040205657262,1.2042439636775626,1.2496285705082972,1.29518929675013,1.3407598479967486,1.3864718923167993,1.4324249079784641,1.4786050977568788,1.5250415166347202,1.5716082923034207,1.6182053879778375,1.6649027123132165,1.7119562749236004,1.759243666121638,1.8068162595496828,1.8549213738151835,1.9035409371930485,1.952603872876319
397.43589743589746,1.0709247241894602,1.1160630246174303,1.1612980558879624,1.2067307038453245,1.2523528360063565,1.2979345181576156,1.3436638537311023,1.389560729863751,1.4356477656870994,1.4819683974805287,1.528485689662823,1.575146891873589,1.6220343158104715,1.6690947873422002,1.7162820779818335,1.7637424771411518,1.8118524434262742,1.860455247996311,1.9095717489096562,1.9593034056053276
402.56410256410254,1.0730876519450878,1.1183094270859282,1.1637521814607483,1.209364950532254,1.2549712445540935,1.3007334178398593,1.3466374951278473,1.3926988955530633,1.4389215009805538,1.4853005626651234,1.5318725910284166,1.5788734805094664,1.6260517648792412,1.6732842975776514,1.7207120494695949,1.7688132537306667,1.8173846603158264,1.8665175880658693,1.9163128891951615,1.9669129264948426
407.69230769230774,1.0753577174319495,1.1207539377814397,1.1663067109133582,1.2119229792837467,1.2577016848812208,1.3036155126654283,1.3496808068808865,1.3958689089199248,1.442158529438334,1.4885861429101506,1.5355410622237762,1.5827216589833422,1.630057553107636,1.677627213705679,1.7257284723586828,1.7742913634569994,1.8234463534055834,1.873292187727066,1.924009657520058,1.9758478200543728
412.8205128205128,1.0778039179179375,1.1232332663615527,1.168815219227532,1.2145876441108516,1.2605095255708707,1.3065903360573934,1.352764055847825,1.3990225403447303,1.4454349435812013,1.4922640883275802,1.539318901321657,1.586624873886481,1.6343312658820925,1.6825020540178466,1.731105032241444,1.780302662754667,1.830209021210187,1.881040223963327,1.9330425876790942,1.9865039229975179
417.94871794871796,1.0802245331623581,1.125696357227686,1.1714087838103902,1.2173150761435587,1.2634065901441716,1.3095896271019836,1.3558365084271484,1.4022898235080534,1.4490568570484312,1.4960073875353233,1.5432033529223448,1.5909224804122846,1.6391162357541897,1.6877796613933918,1.737045481038376,1.787025935755443,1.8379767209020288,1.8901412965114477,1.9438060375185302,1.9993223232443704
423.0769230769231,1.0826557064746563,1.1282276278326233,1.1740577890041823,1.2201093232237101,1.2662946364732306,1.3125602763616646,1.3590739518244794,1.4058186983687508,1.4527335371334549,1.4998711125457713,1.5475787204916684,1.595712602861786,1.644367284798173,1.6936692107889726,1.743738263766794,1.7948094504044922,1.8471327785191203,1.900993870020198,1.9567802778773713,2.014977240114392
428.2051282051282,1.0851361904435763,1.1308124968780873,1.1767483262098435,1.2228703656077013,1.2691281894107849,1.315725351253306,1.3624736627372747,1.4093819665395553,1.4565568249947622,1.5042813206248342,1.552393748612153,1.601013237845799,1.650287346909263,1.700400635425241,1.7515731273523143,1.8040413398534512,1.8580823064950027,1.9141182469270694,1.9726324438805174,2.034165736546398
433.33333333333337,1.0876669238959884,1.1334310685455598,1.1794192754868384,1.2256087347610314,1.272220847822467,1.3189826253044066,1.3659001886529862,1.4131408594116381,1.4608869077576951,1.5090430511559945,1.5576994127016826,1.6069712935899847,1.6570905386998558,1.7083204624467412,1.760909039831311,1.8151114650936386,1.8713715160987197,1.9301708652814127,1.9920506806292961,2.057615586603263
438.46153846153845,1.0902059054886484,1.1360357845023625,1.1821472761633836,1.2286574990230557,1.275373121100296,1.3222905783317163,1.3695931650932784,1.417344996435737,1.4655396774189025,1.5142737292648143,1.5636202150003806,1.613799972834095,1.6650796907657037,1.7177521932124273,1.772108143937656,1.8285775016535504,1.8876379587178793,1.949829872916897,2.015780508398781,2.0858070801222017
443.5897435897436,1.0927061216389704,1.1387418327679193,1.1851254378318175,1.231740608596522,1.278601634272191,1.3259425143036072,1.3736880054154677,1.421888515088841,1.4706652008842478,1.5201050843848953,1.5704076482015181,1.621800128832751,1.674570764858749,1.7290732355547216,1.7857447688168553,1.845059332558803,1.9075476115498373,1.973853487955493,2.044083024239254,2.1189244360664192
448.71794871794873,1.0953214193629732,1.1416104974226793,1.1881287417589772,1.2349085003880855,1.2822419165292165,1.3299603594091416,1.3781500635812647,1.4269223953225074,1.4764140810945738,1.5268264147957964,1.5783674629631461,1.631289731103818,1.6859670835388174,1.7428470006350287,1.8024187088859924,1.86520680301346,1.9318627181571069,2.0022744746152386,2.077124255028939,2.1686139477697277
453.84615384615387,1.0979988088920067,1.1444689861863764,1.1912451137412154,1.2385228340471026,1.2862008079437564,1.3343699271414726,1.383126318542782,1.4326293210975862,1.4830957204309871,1.534749512173025,1.5878269893797776,1.6427062505695442,1.699820301304626,1.7596588901131107,1.822761329692155,1.8897159192382975,1.960378003918282,2.0352419645363504,2.133675702706305,2.2502689509030094
458.974358974359,1.100662064541673,1.1474761629277686,1.1947342164384074,1.2423931713682648,1.290549933799196,1.3392962400869926,1.388810206607517,1.439302910146631,1.4910193783950054,1.5442104123848701,1.599268729463487,1.6566141262904925,1.7167249861613234,1.7801508748835984,1.8472989758013323,1.9183196073390363,1.9929232460116366,2.098204768246587,2.2141191865762506,2.335491508301626
464.1025641025641,1.1035392689684689,1.1508080588663556,1.1984784174295862,1.246649062577562,1.2954063792695976,1.3449483451613713,1.3954792008020989,1.447239944689656,1.5005195953438348,1.5557150366346246,1.613254196249065,1.6736111355996806,1.737346310576666,1.8046744136118584,1.8760371728256282,1.9520345451059056,2.0621061435921777,2.177375967821255,2.298359158614025,2.42683039730687
469.2307692307693,1.106716249417025,1.1544122188982682,1.202610125611567,1.251410004472313,1.3010047519804127,1.3515978372512425,1.4034239906304626,1.4567958754894674,1.512111473935056,1.5698100537351787,1.6303703610566493,1.6943707251294609,1.7618420359107037,1.8333937012978714,1.9158842801326779,2.0253145686215652,2.1399402549019912,2.2606873716065277,2.3884707278084627,2.522376317134634
474.35897435897436,1.110200229815521,1.1584223520054113,1.207273707241832,1.2569366963671649,1.3076141409651634,1.3595322549525226,1.413020578397898,1.4684708630739813,1.5263270637789736,1.5870688175199348,1.6512924349017526,1.718852650035442,1.7903629071331788,1.879082739137487,1.987833103150338,2.1017787258335936,2.222256975452803,2.3493553229914172,2.482564480844044,2.6221336851348678
479.4871794871795,1.1141248604608427,1.1630103175151716,1.2127340548624845,1.2634982818466058,1.31552218708331,1.369148389642534,1.424755999198122,1.4827836338627236,1.5437243696472203,1.6080506957902159,1.6757789995574925,1.7471640831406663,1.841681733677142,1.9497097020142975,2.062931974517626,2.1830789290566606,2.309446161635894,2.4419268100985208,2.581281000255912,2.7322304717734465
484.61538461538464,1.1186859008992216,1.168440355742907,1.2192639807698331,1.2713850599660874,1.3251471562935369,1.3809226505094525,1.4391370640076695,1.5002951933839879,1.5647108953985152,1.632646488524799,1.7034631477642357,1.8037737864278482,1.9110165210770478,2.0235046850450416,2.1432305697168017,2.2688100607679322,2.400489131795709,2.540131487551057,2.690302341400927,2.8481449562089516
489.7435897435897,1.124145415905598,1.1749871625205004,1.2271716385187028,1.2810368383572486,1.336957867770547,1.3953524057697015,1.4567274240021826,1.5212395403802783,1.5894034243829358,1.6638840150838323,1.7654127364578802,1.8718564050708693,1.9838847889281797,2.102791585384443,2.2275580813440548,2.358383062923861,2.4981835305253264,2.6474438862193947,2.8044018910485122,2.969470573843685
494.8717948717949,1.1307784345035221,1.182984190473206,1.2369032712035009,1.2929173485247223,1.3514453930152355,1.4130037493785372,1.4775889931691346,1.5457540283333526,1.6256993483830275,1.7265447291550018,1.832253460439626,1.9438253965830583,2.061855799848111,2.1857683078518706,2.31574562090404,2.4556386354967565,2.6038695155278972,2.7597552182281877,2.9237690057258474,3.0964168081997103
500.0,1.1389397117937339,1.1928740399677706,1.2489214370687145,1.3075140900502809,1.3691555197599254,1.4337708301464076,1.5018435759679063,1.5868646125258261,1.6870389798210645,1.7920944864094432,1.9033070289692575,2.0205170805900488,2.1435324634563786,2.272635691173938,2.4126462818699763,2.5598546341244477,2.714542756760288,2.877258515779226,3.048595445955181,3.2291959640753354
