,dT,Tf,strainrange,df4,dc20,LTE,ratio_dmgs
0,50,275,0.00046707,9.57E-11,8.89E-23,inf,
1,60,275,0.000554,1.42E-10,2.02E-21,inf,
2,70,275,0.00064172,2.08E-10,3.34E-20,inf,
3,80,275,0.00073016,2.97E-10,4.29E-19,inf,
4,90,275,0.00081927,4.16E-10,4.49E-18,inf,
5,100,275,0.00090902,5.75E-10,3.96E-17,inf,
6,110,275,0.00099939,7.82E-10,3.01E-16,inf,
7,120,275,0.00109037,1.05E-09,2.02E-15,inf,
8,130,275,0.00118195,1.39E-09,1.22E-14,inf,
9,140,275,0.00127394,1.82E-09,6.61E-14,inf,
10,150,275,0.00136623,2.37E-09,3.29E-13,inf,
11,160,275,0.00145881,3.04E-09,1.51E-12,inf,
12,170,275,0.00155172,3.87E-09,6.43E-12,inf,
13,180,275,0.00164496,4.88E-09,2.56E-11,inf,
14,190,275,0.00173853,6.12E-09,9.62E-11,inf,
15,200,275,0.00183243,7.62E-09,3.41E-10,inf,
16,210,275,0.00192667,9.42E-09,1.15E-09,inf,
17,220,275,0.00202125,1.16E-08,3.69E-09,inf,
18,230,275,0.00211615,1.41E-08,1.13E-08,inf,
19,240,275,0.00221139,1.72E-08,3.33E-08,inf,
20,250,275,0.00230697,2.08E-08,9.41E-08,inf,
21,260,275,0.00240292,2.51E-08,2.57E-07,inf,
22,270,275,0.00249923,3.00E-08,6.76E-07,2197.794521,0.044443948
23,280,275,0.0025959,3.59E-08,1.63E-06,1182.734247,0.021939755
24,290,275,0.00269293,4.27E-08,3.22E-06,680.109589,0.013260535
25,300,275,0.00279032,5.06E-08,6.24E-06,380.7342466,0.008110432
26,50,300,0.00047312,9.85E-11,4.12E-21,inf,
27,60,300,0.00056125,1.47E-10,7.80E-20,inf,
28,70,300,0.00065019,2.15E-10,1.09E-18,inf,
29,80,300,0.00073984,3.08E-10,1.21E-17,inf,
30,90,300,0.00083016,4.33E-10,1.10E-16,inf,
31,100,300,0.00092112,5.99E-10,8.51E-16,inf,
32,110,300,0.00101263,8.17E-10,5.75E-15,inf,
33,120,300,0.00110447,1.10E-09,3.44E-14,inf,
34,130,300,0.00119662,1.45E-09,1.86E-13,inf,
35,140,300,0.00128911,1.90E-09,9.12E-13,inf,
36,150,300,0.00138194,2.47E-09,4.12E-12,inf,
37,160,300,0.00147511,3.17E-09,1.73E-11,inf,
38,170,300,0.00156862,4.04E-09,6.77E-11,inf,
39,180,300,0.00166248,5.10E-09,2.49E-10,inf,
40,190,300,0.00175667,6.39E-09,8.67E-10,inf,
41,200,300,0.00185121,7.95E-09,2.87E-09,inf,
42,210,300,0.00194607,9.83E-09,9.02E-09,inf,
43,220,300,0.00204128,1.21E-08,2.71E-08,inf,
44,230,300,0.00213686,1.48E-08,7.83E-08,inf,
45,240,300,0.0022328,1.80E-08,2.17E-07,inf,
46,250,300,0.0023291,2.17E-08,5.82E-07,inf,
47,260,300,0.00242576,2.62E-08,1.50E-06,1368.60274,0.017388912
48,270,300,0.00252278,3.14E-08,3.77E-06,627.9780822,0.008330673
49,280,300,0.00262016,3.75E-08,8.63E-06,293.1972603,0.004341351
50,290,300,0.00271789,4.46E-08,1.63E-05,159.4849315,0.002729961
51,300,300,0.00281599,5.28E-08,3.04E-05,87.12876712,0.001736125
52,50,325,0.00047921,1.01E-10,1.42E-19,inf,
53,60,325,0.00056856,1.52E-10,2.28E-18,inf,
54,70,325,0.00065871,2.23E-10,2.75E-17,inf,
55,80,325,0.00074955,3.20E-10,2.65E-16,inf,
56,90,325,0.00084086,4.51E-10,2.12E-15,inf,
57,100,325,0.00093252,6.23E-10,1.46E-14,inf,
58,110,325,0.00102454,8.49E-10,8.80E-14,inf,
59,120,325,0.00111693,1.14E-09,4.74E-13,inf,
60,130,325,0.00120968,1.51E-09,2.32E-12,inf,
61,140,325,0.00130278,1.98E-09,1.04E-11,inf,
62,150,325,0.00139623,2.57E-09,4.31E-11,inf,
63,160,325,0.00149003,3.30E-09,1.67E-10,inf,
64,170,325,0.00158418,4.20E-09,6.06E-10,inf,
65,180,325,0.00167868,5.30E-09,2.08E-09,inf,
66,190,325,0.00177351,6.64E-09,6.75E-09,inf,
67,200,325,0.00186871,8.27E-09,2.09E-08,inf,
68,210,325,0.00196428,1.02E-08,6.19E-08,inf,
69,220,325,0.00206021,1.26E-08,1.76E-07,inf,
70,230,325,0.0021565,1.54E-08,4.80E-07,inf,
71,240,325,0.00225315,1.87E-08,1.26E-06,1692.59726,0.014801915
72,250,325,0.00235017,2.26E-08,3.21E-06,751.8054795,0.007041557
73,260,325,0.00244754,2.73E-08,7.92E-06,324.8082192,0.003444033
74,270,325,0.00254527,3.27E-08,1.89E-05,140.3013699,0.001729869
75,280,325,0.00264342,3.91E-08,4.13E-05,65.10684932,0.000945213
76,290,325,0.00274247,4.65E-08,7.53E-05,35.98356164,0.000618489
77,300,325,0.00284285,5.53E-08,0.000135111,20.12328767,0.000409497
78,50,350,0.00048532,1.04E-10,3.76E-18,inf,
79,60,350,0.00057577,1.57E-10,5.19E-17,inf,
80,70,350,0.00066674,2.30E-10,5.44E-16,inf,
81,80,350,0.00075818,3.31E-10,4.60E-15,inf,
82,90,350,0.00085004,4.66E-10,3.28E-14,inf,
83,100,350,0.0009423,6.45E-10,2.02E-13,inf,
84,110,350,0.00103495,8.78E-10,1.10E-12,inf,
85,120,350,0.00112797,1.18E-09,5.40E-12,inf,
86,130,350,0.00122136,1.56E-09,2.42E-11,inf,
87,140,350,0.00131511,2.05E-09,9.99E-11,inf,
88,150,350,0.00140921,2.66E-09,3.84E-10,inf,
89,160,350,0.00150366,3.42E-09,1.38E-09,inf,
90,170,350,0.00159848,4.35E-09,4.68E-09,inf,
91,180,350,0.00169367,5.50E-09,1.50E-08,inf,
92,190,350,0.00178923,6.89E-09,4.60E-08,inf,
93,200,350,0.00188515,8.58E-09,1.34E-07,inf,
94,210,350,0.00198143,1.06E-08,3.76E-07,inf,
95,220,350,0.00207808,1.31E-08,1.01E-06,2172.621918,0.012893897
96,230,350,0.00217508,1.60E-08,2.63E-06,934.1561644,0.006074559
97,240,350,0.00227245,1.94E-08,6.59E-06,393.4328767,0.002946765
98,250,350,0.00237018,2.35E-08,1.60E-05,166.4931507,0.001469569
99,260,350,0.00246851,2.84E-08,3.77E-05,71.71780822,0.000753075
100,270,350,0.00256808,3.41E-08,8.59E-05,31.66575342,0.000397103
101,280,350,0.00266897,4.09E-08,0.000179814,15.17260274,0.000227428
102,290,350,0.00277121,4.89E-08,0.000312927,8.731506849,0.000156354
103,300,350,0.00287484,5.84E-08,0.000530613,5.153424658,0.000110078
104,50,375,0.00049066,1.07E-10,7.74E-17,inf,
105,60,375,0.00058169,1.61E-10,9.26E-16,inf,
106,70,375,0.00067329,2.36E-10,8.55E-15,inf,
107,80,375,0.00076536,3.40E-10,6.45E-14,inf,
108,90,375,0.00085787,4.79E-10,4.13E-13,inf,
109,100,375,0.00095079,6.64E-10,2.31E-12,inf,
110,110,375,0.00104409,9.05E-10,1.15E-11,inf,
111,120,375,0.00113778,1.22E-09,5.19E-11,inf,
112,130,375,0.00123183,1.61E-09,2.15E-10,inf,
113,140,375,0.00132624,2.12E-09,8.24E-10,inf,
114,150,375,0.00142104,2.75E-09,2.95E-09,inf,
115,160,375,0.00151621,3.53E-09,9.95E-09,inf,
116,170,375,0.00161176,4.50E-09,3.17E-08,inf,
117,180,375,0.00170766,5.69E-09,9.60E-08,inf,
118,190,375,0.00180394,7.13E-09,2.78E-07,inf,
119,200,375,0.00190058,8.88E-09,7.69E-07,inf,
120,210,375,0.00199758,1.10E-08,2.05E-06,1214.339726,0.00537204
121,220,375,0.00209494,1.35E-08,5.25E-06,497.4383562,0.002577052
122,230,375,0.00219272,1.66E-08,1.30E-05,205.6575342,0.001272902
123,240,375,0.00229146,2.02E-08,3.10E-05,87.37260274,0.000651425
124,250,375,0.00239152,2.45E-08,7.25E-05,37.56712329,0.000338237
125,260,375,0.00249291,2.97E-08,0.00016241,16.8109589,0.000182788
126,270,375,0.00259567,3.59E-08,0.000346555,7.890410959,0.00010346
127,280,375,0.00269987,4.32E-08,0.000680983,4.019178082,6.34E-05
128,290,375,0.00280552,5.19E-08,0.001074182,2.550684932,4.83E-05
129,300,375,0.00291269,6.22E-08,0.001604858,1.706849315,3.88E-05
130,50,400,0.00049468,1.09E-10,1.26E-15,inf,
131,60,400,0.00058638,1.64E-10,1.33E-14,inf,
132,70,400,0.00067864,2.42E-10,1.10E-13,inf,
133,80,400,0.00077138,3.48E-10,7.46E-13,inf,
134,90,400,0.00086456,4.91E-10,4.35E-12,inf,
135,100,400,0.00095815,6.81E-10,2.23E-11,inf,
136,110,400,0.00105213,9.29E-10,1.02E-10,inf,
137,120,400,0.0011465,1.25E-09,4.28E-10,inf,
138,130,400,0.00124127,1.66E-09,1.65E-09,inf,
139,140,400,0.00133641,2.18E-09,5.93E-09,inf,
140,150,400,0.00143193,2.83E-09,1.99E-08,inf,
141,160,400,0.00152783,3.64E-09,6.33E-08,inf,
142,170,400,0.00162408,4.64E-09,1.91E-07,inf,
143,180,400,0.00172071,5.87E-09,5.47E-07,inf,
144,190,400,0.0018177,7.36E-09,1.50E-06,1667.857534,0.004898934
145,200,400,0.00191506,9.18E-09,3.96E-06,662.060274,0.002315063
146,210,400,0.00201305,1.14E-08,1.01E-05,266.3178082,0.001129027
147,220,400,0.00211229,1.40E-08,2.47E-05,109.5780822,0.000567218
148,230,400,0.00221285,1.72E-08,5.88E-05,46.35616438,0.000293424
149,240,400,0.00231472,2.11E-08,0.00013473,20.27671233,0.000156768
150,250,400,0.00241792,2.58E-08,0.000294834,9.279452055,8.74E-05
151,260,400,0.00252253,3.14E-08,0.000601541,4.550684932,5.21E-05
152,270,400,0.00262875,3.81E-08,0.001177338,2.326027397,3.23E-05
153,280,400,0.00273675,4.61E-08,0.001865053,1.468493151,2.47E-05
154,290,400,0.0028463,5.57E-08,0.002345593,1.169863014,2.37E-05
155,300,400,0.00295753,1.34E-06,0.002591297,1.049315068,0.0005153
156,50,425,0.00049805,1.11E-10,1.67E-14,inf,
157,60,425,0.00059039,1.67E-10,1.58E-13,inf,
158,70,425,0.0006833,2.46E-10,1.18E-12,inf,
159,80,425,0.00077669,3.55E-10,7.31E-12,inf,
160,90,425,0.00087053,5.02E-10,3.91E-11,inf,
161,100,425,0.0009648,6.96E-10,1.85E-10,inf,
162,110,425,0.00105948,9.51E-10,7.91E-10,inf,
163,120,425,0.00115455,1.28E-09,3.09E-09,inf,
164,130,425,0.00125001,1.70E-09,1.12E-08,inf,
165,140,425,0.00134584,2.24E-09,3.77E-08,inf,
166,150,425,0.00144205,2.91E-09,1.20E-07,inf,
167,160,425,0.00153863,3.74E-09,3.60E-07,inf,
168,170,425,0.00163558,4.77E-09,1.03E-06,2447.512329,0.004638308
169,180,425,0.00173296,6.04E-09,2.81E-06,936.3917808,0.002148245
170,190,425,0.00183136,7.60E-09,7.38E-06,364.3287671,0.001029964
171,200,425,0.00193107,9.51E-09,1.87E-05,145.4465753,0.000509661
172,210,425,0.00203208,1.18E-08,4.56E-05,59.84931507,0.000260021
173,220,425,0.00213438,1.47E-08,0.000107213,25.48767123,0.000137013
174,230,425,0.00223797,1.81E-08,0.000241368,11.3369863,7.52E-05
175,240,425,0.00234293,2.23E-08,0.000508623,5.383561644,4.39E-05
176,250,425,0.00244942,2.74E-08,0.001022189,2.679452055,2.68E-05
177,260,425,0.00255772,3.35E-08,0.001742178,1.57260274,1.92E-05
178,270,425,0.00266802,4.08E-08,0.002366789,1.15890411,1.72E-05
179,280,425,0.00278013,1.03E-06,0.002531757,1.073972603,0.000408064
180,290,425,0.00289349,1.22E-06,0.002403149,1.131506849,0.000507225
181,300,425,0.00300858,1.43E-06,0.002198749,1.232876712,0.000652348
182,50,450,0.00050142,1.12E-10,1.88E-13,inf,
183,60,450,0.00059442,1.70E-10,1.60E-12,inf,
184,70,450,0.000688,2.51E-10,1.09E-11,inf,
185,80,450,0.00078207,3.62E-10,6.21E-11,inf,
186,90,450,0.00087661,5.13E-10,3.08E-10,inf,
187,100,450,0.00097156,7.12E-10,1.35E-09,inf,
188,110,450,0.00106692,9.74E-10,5.41E-09,inf,
189,120,450,0.00116268,1.31E-09,1.98E-08,inf,
190,130,450,0.00125883,1.75E-09,6.75E-08,inf,
191,140,450,0.00135535,2.30E-09,2.15E-07,inf,
192,150,450,0.00145225,2.99E-09,6.49E-07,inf,
193,160,450,0.00154983,3.85E-09,1.85E-06,1421.052055,0.002074921
194,170,450,0.00164869,4.93E-09,5.07E-06,530.5671233,0.000971936
195,180,450,0.00174885,6.27E-09,1.33E-05,204.139726,0.000471396
196,190,450,0.00185029,7.93E-09,3.36E-05,81.24383562,0.000236269
197,200,450,0.00195299,9.98E-09,8.15E-05,33.53150685,0.000122416
198,210,450,0.00205697,1.25E-08,0.000189485,14.44109589,6.59E-05
199,220,450,0.00216227,1.56E-08,0.000414732,6.602739726,3.75E-05
200,230,450,0.00226903,1.93E-08,0.000848812,3.22739726,2.27E-05
201,240,450,0.00237749,2.39E-08,0.0015419,1.778082192,1.55E-05
202,250,450,0.00248792,6.57E-07,0.002227961,1.224657534,0.00029495
203,260,450,0.00260041,7.86E-07,0.002489997,1.095890411,0.000315615
204,270,450,0.00271486,9.37E-07,0.002312461,1.178082192,0.000405187
205,280,450,0.0028309,1.11E-06,0.002067252,1.312328767,0.00053853
206,290,450,0.00294852,1.32E-06,0.001901571,1.424657534,0.000693322
207,300,450,0.0030679,1.56E-06,0.00179992,1.498630137,0.00086495
208,50,475,0.00050484,1.14E-10,1.82E-12,inf,
209,60,475,0.00059852,1.73E-10,1.41E-11,inf,
210,70,475,0.00069278,2.56E-10,8.80E-11,inf,
211,80,475,0.00078754,3.70E-10,4.64E-10,inf,
212,90,475,0.00088276,5.24E-10,2.14E-09,inf,
213,100,475,0.0009784,7.29E-10,8.81E-09,inf,
214,110,475,0.00107445,9.97E-10,3.30E-08,inf,
215,120,475,0.00117089,1.35E-09,1.14E-07,inf,
216,130,475,0.00126778,1.79E-09,3.69E-07,inf,
217,140,475,0.00136577,2.36E-09,1.12E-06,2354.567123,0.002111679
218,150,475,0.00146507,3.09E-09,3.22E-06,834.7945205,0.000958234
219,160,475,0.00156564,4.01E-09,8.86E-06,306.7506849,0.000452435
220,170,475,0.00166748,5.16E-09,2.33E-05,117.1671233,0.000221573
221,180,475,0.00177056,6.60E-09,5.87E-05,46.57534247,0.000112414
222,190,475,0.0018749,8.39E-09,0.000141563,19.33424658,5.92E-05
223,200,475,0.00198053,1.06E-08,0.000322836,8.482191781,3.28E-05
224,210,475,0.00208754,1.33E-08,0.00067443,4.063013699,1.98E-05
225,220,475,0.00219616,1.67E-08,0.001316086,2.082191781,1.27E-05
226,230,475,0.0023067,4.86E-07,0.002043212,1.336986301,0.000237757
227,240,475,0.00241969,5.88E-07,0.002407237,1.134246575,0.000244145
228,250,475,0.00253493,7.09E-07,0.002272942,1.2,0.000311795
229,260,475,0.00265183,8.51E-07,0.002015991,1.350684932,0.000422186
230,270,475,0.00277029,1.02E-06,0.001834398,1.479452055,0.000555025
231,280,475,0.00289046,1.21E-06,0.001723271,1.569863014,0.000704267
232,290,475,0.00301243,1.44E-06,0.001645327,1.638356164,0.000876455
233,300,475,0.0031362,1.71E-06,0.001575758,1.704109589,0.001084072
234,50,500,0.00050834,1.16E-10,1.54E-11,inf,
235,60,500,0.0006027,1.76E-10,1.09E-10,inf,
236,70,500,0.00069764,2.61E-10,6.28E-10,inf,
237,80,500,0.00079308,3.78E-10,3.08E-09,inf,
238,90,500,0.00088898,5.36E-10,1.33E-08,inf,
239,100,500,0.00098531,7.46E-10,5.15E-08,inf,
240,110,500,0.00108239,1.02E-09,1.83E-07,inf,
241,120,500,0.00118079,1.39E-09,6.01E-07,inf,
242,130,500,0.00128048,1.86E-09,1.86E-06,1449.254795,0.001001711
243,140,500,0.00138143,2.47E-09,5.41E-06,502.0410959,0.000455845
244,150,500,0.00148363,3.24E-09,1.50E-05,182.0876712,0.000216436
245,160,500,0.00158707,4.23E-09,3.96E-05,69.10684932,0.000106886
246,170,500,0.00169175,5.47E-09,9.97E-05,27.46575342,5.49E-05
247,180,500,0.00179768,7.03E-09,0.000237813,11.51506849,2.96E-05
248,190,500,0.00190494,8.97E-09,0.000525261,5.216438356,1.71E-05
249,200,500,0.0020137,2.86E-07,0.001072624,2.542465753,0.00026646
250,210,500,0.00212445,3.52E-07,0.001804524,1.515068493,0.000194848
251,220,500,0.00223795,4.31E-07,0.002283637,1.197260274,0.000188763
252,230,500,0.00235392,5.26E-07,0.002229577,1.224657534,0.000236142
253,240,500,0.00247165,6.40E-07,0.0019696,1.383561644,0.000324946
254,250,500,0.00259093,7.74E-07,0.001770157,1.536986301,0.000437422
255,260,500,0.00271185,9.33E-07,0.001648816,1.646575342,0.000565695
256,270,500,0.00283454,1.12E-06,0.001566443,1.726027397,0.000714493
257,280,500,0.002959,1.34E-06,0.001495002,1.802739726,0.000895027
258,290,500,0.00308523,1.59E-06,0.001421116,1.887671233,0.001121782
259,300,500,0.0032132,1.89E-06,0.001341193,1.991780822,0.001411436
260,50,525,0.00051187,1.18E-10,1.14E-10,inf,
261,60,525,0.00060691,1.79E-10,7.48E-10,inf,
262,70,525,0.00070253,2.66E-10,4.01E-09,inf,
263,80,525,0.00079873,3.86E-10,1.84E-08,inf,
264,90,525,0.00089614,5.49E-10,7.48E-08,inf,
265,100,525,0.00099488,7.70E-10,2.76E-07,inf,
266,110,525,0.00109491,1.06E-09,9.37E-07,inf,
267,120,525,0.00119619,1.45E-09,2.96E-06,917.5452055,0.000490753
268,130,525,0.00129871,1.96E-09,8.77E-06,311.1452055,0.000223271
269,140,525,0.00140246,2.61E-09,2.46E-05,111.3561644,0.000106373
270,150,525,0.00150743,3.45E-09,6.52E-05,41.97534247,5.29E-05
271,160,525,0.00161364,4.52E-09,0.000163899,16.70958904,2.76E-05
272,170,525,0.00172114,5.87E-09,0.000384129,7.131506849,1.53E-05
273,180,525,0.00183007,1.99E-07,0.000806605,3.380821918,0.000246238
274,190,525,0.0019412,2.48E-07,0.001515661,1.802739726,0.000163857
275,200,525,0.00205514,3.09E-07,0.002107644,1.298630137,0.000146687
276,210,525,0.00217174,3.83E-07,0.002175752,1.257534247,0.000176098
277,220,525,0.00229025,4.72E-07,0.00192928,1.41369863,0.000244762
278,230,525,0.0024103,5.79E-07,0.00171031,1.591780822,0.000338325
279,240,525,0.00253195,7.05E-07,0.001576309,1.726027397,0.000447457
280,250,525,0.00265534,8.56E-07,0.00148867,1.821917808,0.000574829
281,260,525,0.00278047,1.03E-06,0.001415435,1.909589041,0.000730263
282,270,525,0.00290734,1.24E-06,0.001341343,2.008219178,0.000926966
283,280,525,0.0030359,1.49E-06,0.001262319,2.123287671,0.001180173
284,290,525,0.00316594,1.78E-06,0.001179311,2.260273973,0.001507474
285,300,525,0.00329724,2.11E-06,0.001094372,2.416438356,0.001930661
286,50,550,0.00051541,1.20E-10,7.58E-10,inf,
287,60,550,0.00061153,1.83E-10,4.61E-09,inf,
288,70,550,0.00070912,2.73E-10,2.33E-08,inf,
289,80,550,0.00080808,3.99E-10,1.02E-07,inf,
290,90,550,0.00090834,5.73E-10,3.95E-07,inf,
291,100,550,0.00100987,8.09E-10,1.39E-06,1944.736986,0.000580705
292,110,550,0.00111265,1.12E-09,4.53E-06,602.2465753,0.00024846
293,120,550,0.00121666,1.54E-09,1.37E-05,199.5561644,0.000112626
294,130,550,0.00132189,2.09E-09,3.89E-05,70.3369863,5.37E-05
295,140,550,0.00142834,2.80E-09,0.000104057,26.31780822,2.69E-05
296,150,550,0.00153605,1.04E-07,0.000260199,10.45205479,0.000399911
297,160,550,0.00164531,1.34E-07,0.000589778,4.62739726,0.000226661
298,170,550,0.00175689,1.70E-07,0.001196985,2.284931507,0.000142396
299,180,550,0.00187119,2.16E-07,0.001865492,1.465753425,0.000115785
300,190,550,0.00198826,2.72E-07,0.002097037,1.304109589,0.000129796
301,200,550,0.00210747,3.41E-07,0.001894791,1.44109589,0.000179863
302,210,550,0.00222827,4.24E-07,0.001656668,1.646575342,0.0002558
303,220,550,0.00235062,5.24E-07,0.001506665,1.808219178,0.0003475
304,230,550,0.00247476,6.43E-07,0.001402661,1.936986301,0.000458599
305,240,550,0.00260046,7.86E-07,0.001337297,2.02739726,0.00058771
306,250,550,0.00272794,9.56E-07,0.00126337,2.139726027,0.000756424
307,260,550,0.00285709,1.16E-06,0.001173062,2.293150685,0.000985923
308,270,550,0.00298736,1.39E-06,0.001105085,2.421917808,0.001260064
309,280,550,0.00311897,1.67E-06,0.001023304,2.597260274,0.001630956
310,290,550,0.00325187,1.99E-06,0.000943126,2.794520548,0.002111846
311,300,550,0.0033861,2.37E-06,0.000869151,2.997260274,0.00272385
312,50,575,0.00052158,1.23E-10,4.64E-09,inf,
313,60,575,0.0006205,1.90E-10,2.67E-08,inf,
314,70,575,0.00072082,2.86E-10,1.28E-07,inf,
315,80,575,0.00082248,4.21E-10,5.31E-07,inf,
316,90,575,0.00092542,6.08E-10,1.97E-06,1383.805479,0.000309093
317,100,575,0.00102961,8.63E-10,6.63E-06,412.2684932,0.000130224
318,110,575,0.00113503,1.21E-09,2.06E-05,132.9178082,5.86E-05
319,120,575,0.00124168,1.66E-09,5.95E-05,46.00273973,2.79E-05
320,130,575,0.0013496,6.56E-08,0.00016036,16.95342466,0.000409278
321,140,575,0.00145938,8.66E-08,0.000395988,6.890410959,0.0002186
322,150,575,0.00157142,1.13E-07,0.000851456,3.210958904,0.000132727
323,160,575,0.00168604,1.46E-07,0.001543316,1.77260274,9.48E-05
324,170,575,0.00180337,1.88E-07,0.001968412,1.391780822,9.55E-05
325,180,575,0.0019232,2.40E-07,0.001853663,1.476712329,0.000129305
326,190,575,0.00204467,3.03E-07,0.001611542,1.695890411,0.000188096
327,200,575,0.00216772,3.80E-07,0.001441301,1.893150685,0.000263915
328,210,575,0.00229242,4.74E-07,0.001338237,2.035616438,0.000354188
329,220,575,0.00241881,5.87E-07,0.001260863,2.156164384,0.000465443
330,230,575,0.00254686,7.22E-07,0.001187438,2.282191781,0.000608268
331,240,575,0.00267637,8.84E-07,0.001100332,2.454794521,0.000803177
332,250,575,0.00280694,1.07E-06,0.001033743,2.6,0.00103976
333,260,575,0.00293883,1.30E-06,0.000955764,2.794520548,0.001360616
334,270,575,0.00307201,1.57E-06,0.000881393,3.008219178,0.001776316
