Tf,40,46.73469388,53.46938776,60.20408163,66.93877551,73.67346939,80.40816327,87.14285714,93.87755102,100.6122449,107.3469388,114.0816327,120.8163265,127.5510204,134.2857143,141.0204082,147.755102,154.4897959,161.2244898,167.9591837,174.6938776,181.4285714,188.1632653,194.8979592,201.6326531,208.3673469,215.1020408,221.8367347,228.5714286,235.3061224,242.0408163,248.7755102,255.5102041,262.244898,268.9795918,275.7142857,282.4489796,289.1836735,295.9183673,302.6530612,309.3877551,316.122449,322.8571429,329.5918367,336.3265306,343.0612245,349.7959184,356.5306122,363.2653061,370
275,0.312730193,0.359599099,0.406736897,0.454085839,0.501594784,0.549234913,0.59698613,0.644832815,0.692763752,0.740770408,0.788845723,0.836983061,0.885180217,0.933431105,0.98170988,1.029991922,1.078261918,1.126519761,1.174764863,1.222995276,1.271210219,1.319408901,1.367590256,1.415753015,1.463897263,1.512020982,1.560118922,1.608204971,1.656210923,1.703926677,1.751331819,1.798519007,1.845595846,1.892575762,1.943151746,1.994310015,2.045603837,2.097038738,2.14861749,2.200357486,2.252272114,2.304380338,2.356787507,2.409465382,2.462243626,2.515318365,2.569082997,2.624064783,2.680963869,2.740793628
281.122449,0.313293945,0.360263241,0.407500167,0.454943955,0.502540058,0.550258508,0.598085642,0.646016713,0.694045286,0.742161446,0.790348754,0.838579725,0.886842916,0.935137315,0.98345243,1.031774841,1.080089029,1.128376774,1.176624712,1.224829802,1.273008841,1.321218374,1.369504213,1.417837436,1.466145702,1.514332407,1.562309693,1.610156319,1.65792608,1.705490011,1.752833895,1.800008136,1.847058055,1.897223643,1.948280594,1.99944834,2.050800555,2.102410093,2.154298306,2.20634999,2.258466031,2.310652119,2.363025466,2.415694469,2.468750104,2.522472044,2.577310002,2.633922267,2.693265695,2.759843022
287.244898,0.313848032,0.360912848,0.408243942,0.455779874,0.503465636,0.551271204,0.599184226,0.647202279,0.695320088,0.743527126,0.791802721,0.840108509,0.888427948,0.936762255,0.985108534,1.033460165,1.081804715,1.130120748,1.178392602,1.226617164,1.274814203,1.323051075,1.371384264,1.419782824,1.468144805,1.516326742,1.564196999,1.611867399,1.659460257,1.706902188,1.754182777,1.801326184,1.851153243,1.902208989,1.953349531,2.004603167,2.056056253,2.107800189,2.159868796,2.212102966,2.264365899,2.316673988,2.369164197,2.422048853,2.47563583,2.530320817,2.586693916,2.645650331,2.710690504,2.788897139
293.3673469,0.314393276,0.361549979,0.408971209,0.456596904,0.504373604,0.552271824,0.600276855,0.648382211,0.696581119,0.744862976,0.793206854,0.841571493,0.88993861,0.938309553,0.986683333,1.035056719,1.083422297,1.131765508,1.180075433,1.228349589,1.276600881,1.324873191,1.373206493,1.421586554,1.469914989,1.518039142,1.565814726,1.613361249,1.660826761,1.708172712,1.755390853,1.804877139,1.855929302,1.90708924,1.958354268,2.009748298,2.061332385,2.113180597,2.165335544,2.217664119,2.270060873,2.322567858,2.375346178,2.428720723,2.483178416,2.539282339,2.597858665,2.661434609,2.738691655,2.823438927
299.4897959,0.314930626,0.3621765,0.409684898,0.457398473,0.505266046,0.553259204,0.601358487,0.649549209,0.697821337,0.746164527,0.794560384,0.842970757,0.8913782,0.939782835,0.988181971,1.03657333,1.084955096,1.133324875,1.181680101,1.230019307,1.278343453,1.326650931,1.374946941,1.423246041,1.471476677,1.51950477,1.567196755,1.614660971,1.662038949,1.7093112,1.758451022,1.809460237,1.860602413,1.911877833,1.96329166,2.014859348,2.066593192,2.11852758,2.170712826,2.223099397,2.2756664,2.328478733,2.381770507,2.435980378,2.49177167,2.549944442,2.612071335,2.688387933,2.771901177,2.864405359
305.6122449,0.315460954,0.362794127,0.410388088,0.458188006,0.506145062,0.554232166,0.602424083,0.650695978,0.699033703,0.747427311,0.795862539,0.844308382,0.892750014,0.94118573,0.989609591,1.038018822,1.086416431,1.134812673,1.183213504,1.231618543,1.280016523,1.328350447,1.376581697,1.424758698,1.472850313,1.520758776,1.568377028,1.615789714,1.66311029,1.711920743,1.762873387,1.813959375,1.865193659,1.916589411,1.968160429,2.019914636,2.071807249,2.123824408,2.17603023,2.228503711,2.281315736,2.334606472,2.388710363,2.444208368,2.501971101,2.563127468,2.638040262,2.720315432,2.811350705,2.913048155
311.7346939,0.31598491,0.363404739,0.411083852,0.45896894,0.507012735,0.555189535,0.603468607,0.65181522,0.700211177,0.748646857,0.797112549,0.845586446,0.894057351,0.942521863,0.990971336,1.03940202,1.087819623,1.136242725,1.184682541,1.233139555,1.281594632,1.329937948,1.378086843,1.426121966,1.474056311,1.521836366,1.569389534,1.616770728,1.665278915,1.716188992,1.767223468,1.818394038,1.869725322,1.921240513,1.972962014,2.024896654,2.076949654,2.129066997,2.181348397,2.233984934,2.287195117,2.341221137,2.396543567,2.453938866,2.514553552,2.587725753,2.668768096,2.758325987,2.858314014,3.019654084
317.8571429,0.316503318,0.364010216,0.411775276,0.4597447,0.507871153,0.556130139,0.604487022,0.652899637,0.701346719,0.749818696,0.798309645,0.846807032,0.895303506,0.943794863,0.992272347,1.040731751,1.089177992,1.137628853,1.186094131,1.234574536,1.283052377,1.33137963,1.379438494,1.427333247,1.475115147,1.522772796,1.570268354,1.618501399,1.669380054,1.720384385,1.771514802,1.822784887,1.874221528,1.925850368,1.977701944,2.029794125,2.082005903,2.134283996,2.186736479,2.239701924,2.293557167,2.348692042,2.405793921,2.465916698,2.537429239,2.617311964,2.705423601,2.803708302,2.952833168,3.179508039
323.9795918,0.317016999,0.364612433,0.412465435,0.460518713,0.508722405,0.557052803,0.605474289,0.653941933,0.702433288,0.750938358,0.799453055,0.847972217,0.896491777,0.945008357,0.993517769,1.042016838,1.090504859,1.138984901,1.187455148,1.235915734,1.284364348,1.332641724,1.380612723,1.428390006,1.476047338,1.523603402,1.571589517,1.622433784,1.673410004,1.724517565,1.775761987,1.82715422,1.878708998,1.930442196,1.982391794,2.034604985,2.086995696,2.139508569,2.192312465,2.245876144,2.300748496,2.357527163,2.417185773,2.487103257,2.565889914,2.652650389,2.749302302,2.886556521,3.109008842,3.348599256
330.1020408,0.317526742,0.365212763,0.413156265,0.461292866,0.509567156,0.557955612,0.60642554,0.654935589,0.70346473,0.752001977,0.800542274,0.849084256,0.897625888,0.94616666,0.994712633,1.043263936,1.091808907,1.140318819,1.188767969,1.237154801,1.285509432,1.333697504,1.381591572,1.429292103,1.476871897,1.524587638,1.57538247,1.626314732,1.677383106,1.728599838,1.779978435,1.831520765,1.883210298,1.935038417,1.987050279,2.039365086,2.091949859,2.144830546,2.198257954,2.252816686,2.309242693,2.368419883,2.436764478,2.514467217,2.599916908,2.695032101,2.820842877,3.039162326,3.274265018,3.527654458
336.2244898,0.318033122,0.365809147,0.413842128,0.462058789,0.510396613,0.558831721,0.607337015,0.655879277,0.704440777,0.753009692,0.801578557,0.850146548,0.898712395,0.947278661,0.995861236,1.044465268,1.093067871,1.141599698,1.190004823,1.238279486,1.286494888,1.33456738,1.382396423,1.430055137,1.477597418,1.528262341,1.579138982,1.630155236,1.681314034,1.732641803,1.784161988,1.835866393,1.88770036,1.939625706,1.991713813,2.044146451,2.097010584,2.150461542,2.204870189,2.260949395,2.319664423,2.386485181,2.463107429,2.547233982,2.640609453,2.755530906,2.969851134,3.200620375,3.449140638,3.725815783
342.3469388,0.318536617,0.366398137,0.414514295,0.462803933,0.511198125,0.559672272,0.60820541,0.656773783,0.70536356,0.753963278,0.802563876,0.851162965,0.899759011,0.948355113,0.996967587,1.045607146,1.094246883,1.14278076,1.19112566,1.239275923,1.287339594,1.335291004,1.383064757,1.430701208,1.481055387,1.531886462,1.582855233,1.633962422,1.685218525,1.736655314,1.788306315,1.840161287,1.892139937,1.944197942,1.996421387,2.04907572,2.102399953,2.156719772,2.21257724,2.27086855,2.336242359,2.411844975,2.49468896,2.586335338,2.690611392,2.900888943,3.127446921,3.371416944,3.642067123,3.936182883
348.4693878,0.319037709,0.36697628,0.415164027,0.463515732,0.511959029,0.560468401,0.609027422,0.6576199,0.706235221,0.754864514,0.803500208,0.852137376,0.900773451,0.949406784,0.99803568,1.04667587,1.095311049,1.143815201,1.192090383,1.240130261,1.288062506,1.33590815,1.383634205,1.433708571,1.484515193,1.535453926,1.586528066,1.637744572,1.689114344,1.740655262,1.792409667,1.844382597,1.896511493,1.948759961,2.001245909,2.054329879,2.108415369,2.164035333,2.221970166,2.285970405,2.360610034,2.442244532,2.532269385,2.630872186,2.832414952,3.054629474,3.294111436,3.558925472,3.84750692,4.159544539
354.5918367,0.319535965,0.367539715,0.415782942,0.464182596,0.512667781,0.561212044,0.609800056,0.658418499,0.707058159,0.75571566,0.804389665,0.853072829,0.90176112,0.950440752,0.99906655,1.047657704,1.09622897,1.144662011,1.192864485,1.240831353,1.288681547,1.336455271,1.386242786,1.43700992,1.487914892,1.538960581,1.590155287,1.641509048,1.693017175,1.744656592,1.796476293,1.8485308,1.90082,1.953352472,2.006313188,2.060155993,2.115455158,2.172987504,2.235652437,2.309355298,2.389753827,2.478300692,2.575954103,2.764617348,2.982459924,3.217258018,3.476239259,3.759347889,4.065512567,4.396759298
360.7142857,0.320023024,0.368081045,0.416365769,0.46480141,0.513322598,0.561902096,0.610523008,0.659171125,0.707837047,0.756523154,0.805235563,0.853965205,0.902707264,0.951431986,1.000035511,1.048538491,1.096999575,1.145330739,1.19346205,1.24139121,1.289205358,1.338708672,1.389419452,1.440270428,1.491265053,1.542414475,1.593735917,1.645241711,1.696903601,1.748642147,1.800519974,1.852662201,1.905162924,1.958134217,2.011856312,2.066895065,2.124021921,2.185362768,2.258119328,2.337292479,2.424383414,2.520705229,2.697257998,2.910998368,3.141217253,3.394253636,3.671797555,3.972051202,4.297001984,4.648828966
366.8367347,0.320486438,0.368591048,0.416908838,0.465373423,0.513926715,0.562541034,0.611197356,0.65987967,0.708577728,0.757295585,0.806041837,0.854806711,0.903586723,0.952338959,1.000904632,1.049303857,1.097637406,1.145857,1.193922198,1.241833834,1.291091877,1.341754508,1.392555301,1.443493725,1.494579593,1.545831084,1.597271135,1.648919679,1.700733645,1.752588761,1.804571246,1.856870817,1.909719112,1.963363794,2.018223476,2.07502338,2.135121705,2.206965359,2.284928593,2.370569962,2.465474504,2.630247775,2.839845001,3.065812155,3.313197109,3.585154853,3.879418078,4.197987395,4.543029161,4.916913153
372.9591837,0.320913725,0.36906049,0.417408492,0.465899919,0.514483414,0.563131364,0.611824191,0.66054603,0.709286053,0.758041561,0.806812446,0.855589483,0.904374282,0.953120006,1.001635884,1.049939415,1.098157176,1.146276662,1.194284334,1.243340636,1.293974963,1.344742551,1.395644101,1.446684249,1.497874003,1.549228281,1.600765694,1.652525368,1.704478685,1.756495263,1.80867416,1.861294316,1.914727166,1.969389134,2.02589397,2.085205877,2.155840143,2.23267157,2.316916879,2.410236707,2.563782141,2.769100835,2.990612868,3.232672327,3.499393645,3.787799599,4.099981738,4.43818025,4.804755077,5.20228722
379.0816327,0.321293468,0.369480997,0.417861601,0.466382448,0.514996219,0.563676022,0.612405095,0.661172104,0.709966874,0.758767892,0.807549759,0.856305431,0.905046481,0.953737242,1.002195045,1.050432827,1.098573378,1.146623759,1.195464828,1.246062912,1.296796247,1.347666192,1.398680842,1.449846638,1.501163195,1.552624305,1.604228486,1.656053315,1.708139294,1.76037586,1.812917847,1.866126154,1.920507004,1.976678828,2.035524209,2.104673807,2.180425277,2.263355735,2.355118146,2.497901443,2.699050782,2.915970014,3.15238159,3.414004448,3.696896137,4.002959576,4.334431385,4.693741528,5.083452452,5.506341433
385.2040816,0.321626622,0.369854249,0.418271152,0.466825651,0.515471521,0.564182944,0.612947336,0.661759837,0.710613427,0.759460279,0.808238199,0.856943393,0.905600376,0.954196515,1.002592407,1.050795105,1.098897614,1.147529964,1.198064429,1.248747022,1.299567101,1.350534313,1.401667613,1.452973793,1.504432953,1.55600622,1.607663535,1.659550826,1.711784819,1.764353017,1.817486771,1.871639983,1.927465038,1.985832388,2.053519609,2.128194602,2.20981932,2.3000511,2.432484951,2.629609792,2.842145934,3.07291151,3.329043056,3.60636204,3.906516473,4.231546928,4.583782395,4.965820598,5.380397605,5.830473396
391.3265306,0.321922125,0.370188405,0.418644085,0.467236162,0.515917557,0.564663289,0.613461856,0.662311219,0.711211416,0.760090857,0.808850582,0.857490247,0.906046209,0.954531941,1.002866982,1.051052365,1.099518738,1.150005162,1.200630037,1.251397423,1.302303772,1.35336651,1.404612119,1.456052584,1.507652581,1.559344692,1.611092908,1.663086586,1.715563358,1.768642842,1.822667556,1.878220384,1.936148091,2.002428786,2.076054624,2.156388643,2.245079317,2.36742246,2.560561785,2.768886357,2.994325627,3.245087582,3.516563049,3.810613242,4.129236631,4.474600268,4.849151668,5.255612595,5.696885323,6.176120311
397.4489796,0.322189045,0.370491734,0.418987402,0.467620647,0.516342593,0.565128271,0.613959664,0.662828212,0.711746447,0.760631531,0.809359543,0.857932816,0.906394486,0.95477813,1.003058313,1.051388329,1.10184428,1.152433489,1.203157392,1.254019124,1.305023711,1.356184405,1.407524877,1.459073861,1.510797422,1.562634918,1.614539439,1.666766209,1.719670114,1.773532277,1.828851233,1.88640324,1.951365535,2.023998142,2.103101324,2.190307305,2.302896123,2.491916743,2.695977202,2.916259739,3.161934908,3.427820273,3.715720634,4.027716669,4.36611559,4.733274558,5.131752683,5.564402736,6.034305024,6.544833015
403.5714286,0.322436319,0.370772524,0.419308138,0.467985638,0.516754391,0.565588089,0.61445053,0.663312226,0.712204785,0.761055963,0.80973963,0.858259211,0.906655758,0.954968516,1.00320454,1.053574352,1.104124736,1.154813487,1.205643203,1.256617565,1.30774438,1.35901018,1.4104194,1.462035492,1.513867383,1.565877293,1.618063105,1.670738828,1.724364425,1.779404033,1.836570431,1.900272949,1.971962153,2.049892645,2.135539351,2.238969822,2.423955147,2.623608885,2.839165203,3.079220924,3.33971409,3.621786558,3.927368391,4.258689189,4.618331802,5.008829051,5.432901509,5.8935743,6.394159909,6.938281135
409.6938776,0.322670737,0.37103936,0.419613832,0.468335487,0.517152592,0.566036586,0.614924623,0.663755472,0.712583343,0.761365732,0.809996218,0.85847771,0.906841049,0.955116949,1.005238983,1.055737164,1.106371667,1.1571538,1.208091533,1.259191057,1.310458272,1.361836247,1.413298609,1.464968878,1.516912517,1.56916167,1.621805142,1.675219736,1.7299708,1.786738222,1.849194073,1.919943653,1.996719616,2.080846331,2.175486119,2.356583641,2.552032763,2.762939954,2.997108668,3.252088232,3.528380249,3.827807167,4.152410653,4.504584322,4.887056021,5.30254864,5.753985032,6.244644022,6.778100427,7.358266716
415.8163265,0.322897363,0.371301069,0.419912432,0.468672796,0.517530299,0.566454462,0.615356345,0.664142782,0.712887577,0.761584886,0.810159488,0.858612826,0.906961791,0.956860708,1.007299608,1.057880154,1.108598233,1.159471636,1.210513098,1.261733059,1.313139126,1.364633231,1.416168661,1.467925637,1.520045006,1.572663602,1.625997553,1.680514346,1.736918966,1.798188285,1.868013486,1.943636248,2.026259268,2.116125268,2.289591665,2.480957394,2.687504982,2.915977083,3.165331293,3.435628283,3.728813367,4.046820095,4.391865138,4.766472923,5.173459549,5.615733978,6.096486121,6.619265663,7.187937815,7.806733425
421.9387755,0.323121214,0.371566482,0.420211896,0.469000119,0.517880429,0.566822054,0.615719658,0.664458767,0.713123194,0.761738141,0.810260352,0.858689594,0.908407883,0.95880287,1.009335983,1.060006909,1.110818454,1.161785817,1.212920806,1.264239932,1.315764813,1.367384888,1.419046276,1.470978941,1.52341512,1.576614355,1.630954607,1.687047724,1.747212279,1.816171549,1.890641642,1.971859481,2.060681716,2.22308766,2.410243486,2.612455735,2.835559027,3.079624574,3.343968499,3.630687098,3.941956583,4.27987504,4.646838913,5.045511931,5.478781879,5.949794616,6.462007968,7.019233135,7.625635022,8.285775824
428.0612245,0.323347063,0.371843855,0.420519558,0.46931958,0.518195925,0.567120321,0.615989514,0.664688724,0.713295914,0.761849614,0.810328968,0.859869029,0.910221076,0.960711932,1.011343928,1.062121379,1.113046649,1.164115866,1.21532969,1.266712724,1.318326379,1.37008978,1.421966312,1.474237426,1.527223014,1.581320137,1.637102139,1.69621917,1.764350487,1.837732532,1.917633131,2.005182061,2.157222894,2.340163957,2.537827236,2.755474308,2.994439795,3.253280497,3.533767853,3.838166213,4.168857158,4.528121226,4.918540142,5.342935024,5.804368462,6.306248477,6.85228258,7.446488236,8.093311341,8.797652997
434.1836735,0.323574134,0.372128128,0.420828249,0.469623659,0.518470186,0.56734452,0.616163647,0.664833519,0.713411169,0.761929209,0.811290564,0.861579166,0.912014401,0.962592497,1.013324575,1.064220941,1.115276631,1.166455195,1.217738334,1.269165079,1.320859964,1.372803695,1.425029301,1.477863218,1.531719962,1.587158031,1.645243119,1.712556188,1.784865525,1.863477095,1.949740191,2.091940278,2.270815677,2.464023853,2.676034173,2.909644972,3.162988598,3.437655722,3.73553838,4.059002648,4.410571691,4.792726021,5.208223251,5.66010517,6.151703345,6.686722775,7.269100455,7.902992724,8.593121567,9.36286295
440.3061224,0.323796103,0.372400906,0.421116329,0.469895178,0.518697068,0.567504194,0.616262597,0.664909593,0.713474129,0.762682471,0.8129049,0.863275678,0.913792274,0.964455816,1.015284794,1.066296799,1.117482315,1.168772078,1.220132913,1.271629351,1.323442161,1.375658816,1.428412182,1.482091396,1.537235901,1.594614044,1.660836193,1.732096817,1.809422552,1.894222145,2.027062155,2.201982303,2.390956709,2.59760437,2.825742154,3.07330124,3.341988901,3.63360304,3.950182081,4.294157166,4.668148856,5.074843495,5.517205229,5.9985201,6.522429263,7.092963223,7.714289584,8.390706772,9.142328237,9.977545093
446.4285714,0.32400639,0.372643232,0.421361526,0.470116547,0.518870436,0.567609527,0.616307915,0.664934102,0.714015045,0.764182572,0.814496131,0.864954857,0.915559484,0.966314387,1.017233114,1.068342038,1.119640063,1.171040264,1.222515797,1.274145128,1.326181516,1.378830585,1.43235574,1.487250089,1.544235116,1.609192391,1.679445542,1.755534985,1.838842448,1.962655244,2.133530099,2.318314844,2.519867367,2.742883099,2.984685795,3.247178869,3.532297758,3.842062277,4.178688899,4.54466543,4.942701352,5.375715065,5.846906694,6.359805912,6.918330847,7.526844494,8.189800208,8.923906152,9.742038024,10.63699484
452.5510204,0.324198414,0.372836445,0.421541997,0.47027053,0.518984346,0.567670593,0.616320853,0.665283272,0.715390383,0.76564856,0.816056912,0.866613439,0.917321366,0.968181518,1.019179792,1.070353105,1.1217324,1.173252271,1.224894688,1.276781162,1.329224648,1.382552203,1.437187312,1.493794447,1.557559834,1.626863728,1.701779465,1.783677379,1.898875631,2.065675255,2.246099822,2.4425202,2.660574939,2.897018842,3.153505073,3.432075693,3.734850035,4.064074142,4.422138181,4.811637811,5.235428648,5.696677069,6.198860325,6.74572661,7.341336741,7.990388343,8.707148022,9.508499105,10.38513176,11.34455777
458.6734694,0.324365008,0.37297255,0.421650692,0.470352758,0.519038702,0.567692915,0.616523496,0.666551962,0.716739908,0.767082464,0.817586419,0.868248527,0.919073599,0.970052302,1.02112261,1.072333919,1.123783831,1.175439233,1.227337475,1.279655429,1.332762947,1.387115684,1.443335366,1.505938033,1.57430877,1.648084608,1.728623904,1.835628589,1.998527246,2.17465087,2.365797511,2.578704175,2.80981,3.060623654,3.332918547,3.62881678,3.950603165,4.300697039,4.681662636,5.096288942,5.547656838,6.039184823,6.574677282,7.158064779,7.793407436,8.492520043,9.276994178,10.13538643,11.07502249,12.1041406
464.7959184,0.324498296,0.373056791,0.421698989,0.470374849,0.519040703,0.567761296,0.617694201,0.667802532,0.718069105,0.76849477,0.819092101,0.869857908,0.920800043,0.971899387,1.023044342,1.074308981,1.125849056,1.177703367,1.229986242,1.282953499,1.337051692,1.392896432,1.454382671,1.521833274,1.594472166,1.673654039,1.772797892,1.931837352,2.10390638,2.29001056,2.497691492,2.723231973,2.968257394,3.234463792,3.523726344,3.838268005,4.180491011,4.552965909,4.958439543,5.399957139,5.880861778,6.404832779,6.976027701,7.598567187,8.280752603,9.048209925,9.888303779,10.80813916,11.8158229,12.92042625
470.9183673,0.324590345,0.373095251,0.421699428,0.470349444,0.518998038,0.568817687,0.618840243,0.669032533,0.719383855,0.76989712,0.820582935,0.871440911,0.922486147,0.973697725,1.024941262,1.07630428,1.128009054,1.180180455,1.233032635,1.286932591,1.342449542,1.402887439,1.469462861,1.541003966,1.618730105,1.71045979,1.86557637,2.033534067,2.215314068,2.417645357,2.637690458,2.876748509,3.136684523,3.419363631,3.726820186,4.061362246,4.425509067,4.821980882,5.253742646,5.724095452,6.236648154,6.795342922,7.404695944,8.070966486,8.822305574,9.64430611,10.54442335,11.53070188,12.61210434,13.79862929
477.0408163,0.324633336,0.373094,0.421664489,0.470289141,0.519910826,0.56984272,0.619955886,0.67023981,0.720690444,0.771301889,0.822069189,0.872999146,0.924121184,0.97543517,1.026813506,1.078367273,1.130372962,1.183049579,1.236733816,1.291947116,1.351406341,1.417150978,1.487655195,1.564007697,1.648709938,1.799926898,1.963671282,2.141021926,2.338127111,2.553029848,2.786349759,3.039964143,3.315908637,3.616247888,3.943172217,4.299109899,4.686719574,5.10892965,5.568947077,6.070280642,6.616754717,7.212575963,7.862591836,8.598038203,9.402912099,10.28384246,11.24900215,12.30740136,13.4689215,14.74452995
483.1632653,0.324625587,0.373057601,0.421601773,0.471008693,0.520823676,0.57083878,0.621040391,0.671422679,0.721987088,0.772707382,0.823550086,0.874534092,0.925716196,0.977129945,1.028702452,1.080581037,1.133082763,1.186532177,1.241417931,1.299933707,1.364866949,1.434356597,1.509398375,1.590276304,1.734918276,1.894564562,2.067408153,2.259009905,2.468804756,2.696682741,2.944293231,3.213599689,3.506778316,3.826056353,4.173798399,4.552585489,4.965291284,5.41509751,5.905490367,6.440115804,7.022946652,7.658460381,8.375212272,9.163057846,10.02555784,10.97028932,12.0060954,13.14293318,14.39160823,15.76407996
489.2857143,0.324574926,0.372988286,0.422151869,0.47182163,0.521716147,0.571812668,0.622100807,0.672580213,0.723259278,0.774089784,0.825007358,0.876050743,0.927306636,0.978853041,1.030711557,1.083080247,1.136325384,1.19090477,1.248507011,1.312640633,1.381088469,1.454867357,1.534734251,1.670375053,1.826066414,1.994645525,2.180817881,2.385165121,2.607497025,2.849260865,3.112210305,3.398401645,3.71010266,4.049691257,4.419706741,4.822944993,5.262516266,5.741883745,6.264837788,6.835145025,7.456921266,8.155394964,8.92543186,9.769191105,10.69388266,11.70775003,12.82029259,14.042332,15.38559315,16.86303786
495.4081633,0.32449002,0.373381628,0.42286311,0.47261486,0.522591417,0.572771955,0.623145526,0.673712521,0.724492923,0.775425826,0.826428349,0.877561986,0.928940561,0.980702344,1.032981742,1.086052943,1.140364734,1.197128614,1.260487917,1.327930692,1.400478124,1.479090765,1.606245127,1.757968118,1.922394397,2.103511949,2.30259603,2.519107855,2.754852996,3.011475459,3.290866062,3.595171175,3.926741727,4.288095826,4.681983302,5.111435223,5.579795556,6.090798809,6.648542297,7.256984658,7.938098172,8.690999301,9.51578838,10.41993886,11.41192897,12.50078738,13.69665842,15.01110245,16.456735,18.04751813
501.5306122,0.324745285,0.373986365,0.423551423,0.473388589,0.523452987,0.573724795,0.624183873,0.674821266,0.725676445,0.776698419,0.827809705,0.87908917,0.930687994,0.98280718,1.035702079,1.089759478,1.145746006,1.208376651,1.274863293,1.346236398,1.423593938,1.542682591,1.690340174,1.850504573,2.026623046,2.220810131,2.431825598,2.661423903,2.911571152,3.184114901,3.48109692,3.804775137,4.15760589,4.542287347,4.961794414,5.419402917,5.918647603,6.463468075,7.058261116,7.722298909,8.458650683,9.265356713,10.1494327,11.11914075,12.18416701,13.35444172,14.64077501,16.05527663,17.61139586,19.32407649
507.6530612,0.325254889,0.374572224,0.424219599,0.474144802,0.52430302,0.574674123,0.625219482,0.675909979,0.726814354,0.777920737,0.829175377,0.880688644,0.932651239,0.985333965,1.039119612,1.094556343,1.156278911,1.221843283,1.29208963,1.368135305,1.479714677,1.623414771,1.77922537,1.950191544,2.139371949,2.345185789,2.569028761,2.81273999,3.078390199,3.368010051,3.68379739,4.028152765,4.403711368,4.813386889,5.260397333,5.74826579,6.280648029,6.861611831,7.508228953,8.227843413,9.016647857,9.881461774,10.82989892,11.87098963,13.01538977,14.27404321,15.65850339,17.18130415,18.85671826,20.70070166
513.7755102,0.325757761,0.375149115,0.424876872,0.474888871,0.525140775,0.575612254,0.626244113,0.676985436,0.727943121,0.779150212,0.830609733,0.882471535,0.934980162,0.988496563,1.043555241,1.104239506,1.16889223,1.238025142,1.312744619,1.417213657,1.557083508,1.708773098,1.87461297,2.058593113,2.25899533,2.477231124,2.714844669,2.973738193,3.256057662,3.563989384,3.899891695,4.266351106,4.666225579,5.102666924,5.579153932,6.099464865,6.667362451,7.296984525,7.999570243,8.770043498,9.615376944,10.54301458,11.56130588,12.68002432,13.91056609,15.26493876,16.75564028,18.39588541,20.2009955,22.18818202
519.8979592,0.326260354,0.375727819,0.425533643,0.475627177,0.52596617,0.576531869,0.627251031,0.678064756,0.729104615,0.780466732,0.832226009,0.88458951,0.937882036,0.992591474,1.052285295,1.116060263,1.18409932,1.257500309,1.355198329,1.4911949,1.638861066,1.799946278,1.978828287,2.173684739,2.386081908,2.617612402,2.869980504,3.145168888,3.445376172,3.772932664,4.130378393,4.520512598,4.946426468,5.411516294,5.919528207,6.474531214,7.088117684,7.774503647,8.526731916,9.352099147,10.2585259,11.25416791,12.34822824,13.55121798,14.87508213,16.33285499,17.93834387,19.70623479,21.65345323,23.79900889
526.0204082,0.326769337,0.376319489,0.426200918,0.476367083,0.526780705,0.57742823,0.628243774,0.679166504,0.730357064,0.781972053,0.83417149,0.887246218,0.941641816,1.000415029,1.06334783,1.130342816,1.20246807,1.293756375,1.425871829,1.569390407,1.725771076,1.899943028,2.089465121,2.296002681,2.521282689,2.767058649,3.035224119,3.327851009,3.647210135,3.995790539,4.376341214,4.791879512,5.245706835,5.741439841,6.283099518,6.880601541,7.551451611,8.286653568,9.092637835,9.977536934,10.95018708,12.01952933,13.19572306,14.49003205,15.91481434,17.48398144,19.21321985,21.12015978,23.22431178,25.54741634
532.1428571,0.327288456,0.376929946,0.426884892,0.477114114,0.527589029,0.578311789,0.629234554,0.68032827,0.731774915,0.783789035,0.836629197,0.890706732,0.948610557,1.010737237,1.076726745,1.147630802,1.232926336,1.361224394,1.500611843,1.65213159,1.821491072,2.006031453,2.206987355,2.42612093,2.665263656,2.926336989,3.211400676,3.522652107,3.862485835,4.233586583,4.638932692,5.081759627,5.565525131,6.094031043,6.675023967,7.329804607,8.0482179,8.836119004,9.700500247,10.65017593,11.69476141,12.84405483,14.1092439,15.50240739,17.03632378,18.72556589,20.58839609,22.64733603,24.92576935,27.12026082
538.2653061,0.327813943,0.377551267,0.427578967,0.477867794,0.528405515,0.579208218,0.630269715,0.681615462,0.733451984,0.786059457,0.839818255,0.896886077,0.958222032,1.023234223,1.092864724,1.17262576,1.297205547,1.4325911,1.579680518,1.743723943,1.923072277,2.118682045,2.331923544,2.564603707,2.818663057,3.096156112,3.399300616,3.730450849,4.092187813,4.487408466,4.919343681,5.391450592,5.907314825,6.472423002,7.110769504,7.81167338,8.581241209,9.426096531,10.35389957,11.3740216,12.49674249,13.7328007,15.09443086,16.59470451,18.24719085,20.06703189,22.07557559,24.30173791,26.54430938,28.16916569
544.3877551,0.328341378,0.378174301,0.428276119,0.478632662,0.529246763,0.580156943,0.631414485,0.683120045,0.735519698,0.788980662,0.84526121,0.90582083,0.969873132,1.038267726,1.112841871,1.233694187,1.365181672,1.50808939,1.666967563,1.840975054,2.030975299,2.238423798,2.464832861,2.712068919,2.982151593,3.277258587,3.599751717,3.952189765,4.337374589,4.758425972,5.218842877,5.72232172,6.272583746,6.895032693,7.578381997,8.328939322,9.153676272,10.06013901,11.05677502,12.15342431,13.36098135,14.69122491,16.15738372,17.7738564,19.55587157,21.51925169,23.68863101,25.9656709,27.56429189,29.27292742
550.5102041,0.328867155,0.378791302,0.428974252,0.479415986,0.530138376,0.58121158,0.632756528,0.68496908,0.738163209,0.793722344,0.853538448,0.916655718,0.98385046,1.055463655,1.170739273,1.298261496,1.437068487,1.59103507,1.759971928,1.944306979,2.145708214,2.365819358,2.606339212,2.869184453,3.156453562,3.470433213,3.813648626,4.188883712,4.59918847,5.047898949,5.538791033,6.075834809,6.681623484,7.348486668,8.080398309,8.884596968,9.768992384,10.74217105,11.81345442,12.99314181,14.29277184,15.72528381,17.30475655,19.04744817,20.97175112,23.0945525,25.39986723,26.96382642,28.63949742,30.4369945
556.6326531,0.32938888,0.379398379,0.429674536,0.480231858,0.531118722,0.582445666,0.634415021,0.687338204,0.742236208,0.801348594,0.86354952,0.929614877,1.000186707,1.108397952,1.231960405,1.36653343,1.515655613,1.679743915,1.858757004,2.054181317,2.267812717,2.501497441,2.757123207,3.036676581,3.342338526,3.676532596,4.041951882,4.441626215,4.878862314,5.357184382,5.88064944,6.469785544,7.120664161,7.835114892,8.619575016,9.481922884,10.43102208,11.47652418,12.6286971,13.89838097,15.29789386,16.84148058,18.54381098,20.42378267,22.50525859,24.80693027,26.38082094,28.01933073,29.7779975,31.66735246
562.755102,0.329907149,0.379995207,0.430383144,0.481105723,0.532243662,0.583960765,0.636552834,0.690799809,0.749226498,0.810552063,0.875538572,0.944950179,1.04663519,1.16633948,1.296707729,1.440825591,1.600021345,1.77389422,1.963723277,2.171087414,2.397891071,2.646149404,2.917931093,3.215323655,3.54064216,3.896470928,4.2856932,4.711596421,5.177725575,5.687747202,6.259903229,6.894395976,7.591587075,8.357426154,9.198900622,10.12451676,11.14399645,12.26798623,13.5077418,14.87484393,16.38266118,18.04691864,19.88247494,21.91195391,24.16799642,25.80885054,27.41846155,29.14124545,30.98880271,32.97056855
568.877551,0.33042625,0.380585008,0.431116236,0.482078222,0.533593702,0.585897356,0.639490111,0.697202523,0.757659272,0.821594505,0.889843354,0.985428716,1.101308527,1.227631625,1.366865372,1.520926785,1.689510731,1.873831532,2.07529082,2.295562855,2.536606115,2.800537706,3.089571429,3.405976283,3.752263744,4.131228784,4.545982223,5.000063126,5.497216405,6.052894588,6.670594303,7.349789004,8.096722776,8.91811427,9.821626112,10.81633049,11.91259331,13.12185531,14.45636052,15.92877959,17.5539742,19.3493608,21.32940687,23.52192778,25.21991909,26.81820643,28.52093999,30.3397029,32.28194641,34.35383962
575,0.330952911,0.381179689,0.431903022,0.483211428,0.535283604,0.588449072,0.645366977,0.704941445,0.767813077,0.834826925,0.92475541,1.036838306,1.159133004,1.29375781,1.44286998,1.60590422,1.78443739,1.979914955,2.193912999,2.428195838,2.684687893,2.965495205,3.272934466,3.609557848,3.978171576,4.381859316,4.824008067,5.308397105,5.848551926,6.450253727,7.111285568,7.838234511,8.638560321,9.520079279,10.49128414,11.56170786,12.74199011,14.04400079,15.48091888,17.06704065,18.81937838,20.75729389,22.89406728,24.61779095,26.18753227,27.88312891,29.69733847,31.62600197,33.66857463,35.8250436
